PersonA,PersonB,Creator
nancy.smith,nancy.smith,nancy.smith
nancy.smith,nancy.smith,nancy.smith
joe.appleseed,joe.appleseed,joe.appleseed
edward.johnson,edward.johnson,edward.johnson
adam.apple,joe.appleseed,joe.appleseed
michael.edwards,joe.appleseed,joe.appleseed
joe.appleseed,joe.appleseed,joe.appleseed
michael.edwards,joe.appleseed,joe.appleseed
joe.appleseed,joe.appleseed,joe.appleseed
,susan.lee,susan.lee
,susan.lee,susan.lee
michael.edwards,joe.appleseed,joe.appleseed
michael.edwards,joe.appleseed,joe.appleseed
joe.appleseed,joe.appleseed,joe.appleseed
edward.johnson,edward.johnson,edward.johnson
edward.johnson,edward.johnson,edward.johnson
michael.edwards,susan.lee,susan.lee
,susan.lee,susan.lee
,susan.lee,susan.lee
michael.edwards,susan.lee,susan.lee
lee.chan,lee.chan,lee.chan
tom.sawyer,tom.sawyer,tom.sawyer
,tom.sawyer,tom.sawyer
,tom.sawyer,tom.sawyer
,tom.sawyer,tom.sawyer
tom.sawyer,tom.sawyer,tom.sawyer
tom.sawyer,tom.sawyer,tom.sawyer
julio.iglesias,julio.iglesias,julio.iglesias
susan.lee,susan.lee,susan.lee
susan.lee,susan.lee,susan.lee
nancy.smith,susan.lee,susan.lee
,barbie.doll,barbie.doll
susan.lee,susan.lee,susan.lee
arvin.reguyal,susan.lee,susan.lee
julio.iglesias,susan.lee,susan.lee
lee.chan,lee.chan,lee.chan
lee.chan,lee.chan,lee.chan
lee.chan,lee.chan,lee.chan
susan.lee,susan.lee,susan.lee
edward.johnson,susan.lee,susan.lee
edward.johnson,susan.lee,susan.lee
edward.johnson,susan.lee,susan.lee
,michael.edwards,michael.edwards
,michael.edwards,michael.edwards
joe.appleseed,michael.edwards,michael.edwards
edward.johnson,edward.johnson,edward.johnson
edward.johnson,edward.johnson,edward.johnson
joe.appleseed,joe.appleseed,joe.appleseed
michael.edwards,michael.edwards,michael.edwards
adam.apple,adam.apple,adam.apple
michael.edwards,michael.edwards,michael.edwards
michael.edwards,michael.edwards,michael.edwards
michael.edwards,joe.appleseed,joe.appleseed
,joe.appleseed,joe.appleseed
adam.apple,adam.apple,adam.apple
julio.iglesias,julio.iglesias,julio.iglesias
,tom.sawyer,tom.sawyer
,tom.sawyer,tom.sawyer
,tom.sawyer,tom.sawyer
tom.sawyer,tom.sawyer,tom.sawyer
tom.sawyer,tom.sawyer,tom.sawyer
joe.appleseed,joe.appleseed,joe.appleseed
edward.johnson,edward.johnson,edward.johnson
edward.johnson,edward.johnson,edward.johnson
joe.appleseed,joe.appleseed,joe.appleseed
michael.edwards,joe.appleseed,joe.appleseed
ellen.jackson,joe.appleseed,joe.appleseed
barbie.doll,joe.appleseed,joe.appleseed
michael.edwards,joe.appleseed,joe.appleseed
joe.appleseed,joe.appleseed,joe.appleseed
barbie.doll,joe.appleseed,joe.appleseed
michael.edwards,michael.edwards,michael.edwards
michael.edwards,michael.edwards,michael.edwards
joe.appleseed,michael.edwards,michael.edwards
julio.iglesias,julio.iglesias,julio.iglesias
julio.iglesias,julio.iglesias,julio.iglesias
susan.lee,susan.lee,susan.lee
joe.appleseed,joe.appleseed,joe.appleseed
joe.appleseed,joe.appleseed,joe.appleseed
joe.appleseed,joe.appleseed,joe.appleseed
michael.edwards,michael.edwards,michael.edwards
joe.appleseed,joe.appleseed,joe.appleseed
michael.edwards,joe.appleseed,joe.appleseed
joe.appleseed,joe.appleseed,joe.appleseed
lee.chan,lee.chan,lee.chan
lee.chan,lee.chan,lee.chan
lee.chan,lee.chan,lee.chan
julio.iglesias,julio.iglesias,julio.iglesias
julio.iglesias,julio.iglesias,julio.iglesias
edward.johnson,edward.johnson,edward.johnson
edward.johnson,edward.johnson,edward.johnson
nancy.smith,nancy.smith,nancy.smith
edward.johnson,joe.appleseed,joe.appleseed
michael.edwards,joe.appleseed,joe.appleseed
joe.appleseed,joe.appleseed,joe.appleseed
edward.johnson,joe.appleseed,joe.appleseed
joe.appleseed,joe.appleseed,joe.appleseed
joe.appleseed,joe.appleseed,joe.appleseed
joe.appleseed,joe.appleseed,joe.appleseed
joe.appleseed,joe.appleseed,joe.appleseed
michael.edwards,joe.appleseed,joe.appleseed
michael.edwards,joe.appleseed,joe.appleseed
edward.johnson,joe.appleseed,joe.appleseed
nancy.smith,nancy.smith,nancy.smith
joe.appleseed,joe.appleseed,joe.appleseed
joe.appleseed,michael.edwards,michael.edwards
joe.appleseed,joe.appleseed,joe.appleseed
barbie.doll,joe.appleseed,joe.appleseed
nancy.smith,nancy.smith,nancy.smith
barbie.doll,susan.lee,susan.lee
adam.apple,susan.lee,susan.lee
edward.johnson,susan.lee,susan.lee
adam.apple,susan.lee,susan.lee
adam.apple,susan.lee,susan.lee
adam.apple,susan.lee,susan.lee
nancy.smith,susan.lee,susan.lee
julio.iglesias,susan.lee,susan.lee
edward.johnson,edward.johnson,edward.johnson
michael.edwards,joe.appleseed,joe.appleseed
michael.edwards,joe.appleseed,joe.appleseed
joe.appleseed,joe.appleseed,joe.appleseed
joe.appleseed,joe.appleseed,joe.appleseed
nancy.smith,nancy.smith,nancy.smith
joe.appleseed,joe.appleseed,joe.appleseed
michael.edwards,michael.edwards,michael.edwards
lee.chan,lee.chan,lee.chan
lee.chan,lee.chan,lee.chan
lee.chan,lee.chan,lee.chan
joe.appleseed,joe.appleseed,joe.appleseed
joe.appleseed,joe.appleseed,joe.appleseed
,susan.lee,susan.lee
,susan.lee,susan.lee
,susan.lee,susan.lee
,susan.lee,susan.lee
,susan.lee,susan.lee
,susan.lee,susan.lee
lee.chan,lee.chan,lee.chan
michael.edwards,susan.lee,susan.lee
julio.iglesias,susan.lee,susan.lee
gen.rayfield,susan.lee,susan.lee
,susan.lee,susan.lee
,susan.lee,susan.lee
,susan.lee,susan.lee
,susan.lee,susan.lee
,susan.lee,susan.lee
lee.chan,susan.lee,susan.lee
adam.apple,susan.lee,susan.lee